{"train/learning_rate": 0.0007, "train/n_updates": 99, "train/explained_variance": -0.0002465248107910156, "train/entropy_loss": -3.2310338020324707, "train/policy_loss": -3550.97119140625, "train/value_loss": 1699737.0, "time/iterations": 100, "time/fps": 476, "time/time_elapsed": 1, "time/total_timesteps": 500}
{"train/learning_rate": 0.0007, "train/n_updates": 199, "train/explained_variance": 4.601478576660156e-05, "train/entropy_loss": -2.9717066287994385, "train/policy_loss": -2067.76806640625, "train/value_loss": 611988.875, "time/iterations": 200, "time/fps": 494, "time/time_elapsed": 2, "time/total_timesteps": 1000}
