{"time/iterations": 1, "time/fps": 609, "time/time_elapsed": 3, "time/total_timesteps": 2048}
{"train/learning_rate": 0.0003, "train/entropy_loss": -5.658900775015354, "train/policy_gradient_loss": -0.016452358274545987, "train/value_loss": 26145237.425, "train/approx_kl": 0.00933956541121006, "train/clip_fraction": 0.05068359375, "train/loss": 12889985.0, "train/explained_variance": 6.67572021484375e-05, "train/n_updates": 10, "train/clip_range": 0.2, "time/iterations": 2, "time/fps": 512, "time/time_elapsed": 7, "time/total_timesteps": 4096}
{"train/learning_rate": 0.0003, "train/entropy_loss": -5.651167510449886, "train/policy_gradient_loss": -0.003499337157700211, "train/value_loss": 52390660.625, "train/approx_kl": 0.0018013445660471916, "train/clip_fraction": 9.765625e-05, "train/loss": 27564168.0, "train/explained_variance": -4.0531158447265625e-05, "train/n_updates": 20, "train/clip_range": 0.2, "time/iterations": 3, "time/fps": 482, "time/time_elapsed": 12, "time/total_timesteps": 6144}
{"train/learning_rate": 0.0003, "train/entropy_loss": -5.641222254931927, "train/policy_gradient_loss": -0.005418444777023979, "train/value_loss": 85488862.85, "train/approx_kl": 0.0022310821805149317, "train/clip_fraction": 0.0, "train/loss": 42467636.0, "train/explained_variance": 0.0, "train/n_updates": 30, "train/clip_range": 0.2, "time/iterations": 4, "time/fps": 471, "time/time_elapsed": 17, "time/total_timesteps": 8192}
{"train/learning_rate": 0.0003, "train/entropy_loss": -5.624807961285114, "train/policy_gradient_loss": -0.005660307976359036, "train/value_loss": 29203182.025, "train/approx_kl": 0.003866287413984537, "train/clip_fraction": 0.00087890625, "train/loss": 15639108.0, "train/explained_variance": -1.1920928955078125e-07, "train/n_updates": 40, "train/clip_range": 0.2, "time/iterations": 5, "rollout/ep_rew_mean": -3318514.947644, "rollout/ep_len_mean": 8640.0, "time/fps": 465, "time/time_elapsed": 21, "time/total_timesteps": 10240}
{"train/learning_rate": 0.0003, "train/entropy_loss": -5.580550408363342, "train/policy_gradient_loss": -0.016933225210232196, "train/value_loss": 19349522.7875, "train/approx_kl": 0.01145093608647585, "train/clip_fraction": 0.07060546875, "train/loss": 9887162.0, "train/explained_variance": 0.0, "train/n_updates": 50, "train/clip_range": 0.2, "time/iterations": 6, "rollout/ep_rew_mean": -3318514.947644, "rollout/ep_len_mean": 8640.0, "time/fps": 461, "time/time_elapsed": 26, "time/total_timesteps": 12288}
{"train/learning_rate": 0.0003, "train/entropy_loss": -5.5479292795062065, "train/policy_gradient_loss": -0.004500392261252273, "train/value_loss": 31389453.98125, "train/approx_kl": 0.0031351197976619005, "train/clip_fraction": 0.002197265625, "train/loss": 14664606.0, "train/explained_variance": -9.5367431640625e-07, "train/n_updates": 60, "train/clip_range": 0.2, "time/iterations": 7, "rollout/ep_rew_mean": -3318514.947644, "rollout/ep_len_mean": 8640.0, "time/fps": 458, "time/time_elapsed": 31, "time/total_timesteps": 14336}
{"train/learning_rate": 0.0003, "train/entropy_loss": -5.50520061403513, "train/policy_gradient_loss": -0.007018249001703225, "train/value_loss": 67588830.3875, "train/approx_kl": 0.003862971905618906, "train/clip_fraction": 0.00068359375, "train/loss": 34866056.0, "train/explained_variance": -3.5762786865234375e-07, "train/n_updates": 70, "train/clip_range": 0.2, "time/iterations": 8, "rollout/ep_rew_mean": -3318514.947644, "rollout/ep_len_mean": 8640.0, "time/fps": 455, "time/time_elapsed": 35, "time/total_timesteps": 16384}
{"train/learning_rate": 0.0003, "train/entropy_loss": -5.474712270498276, "train/policy_gradient_loss": -0.004434097351622768, "train/value_loss": 32808368.11875, "train/approx_kl": 0.0027801247779279947, "train/clip_fraction": 0.000146484375, "train/loss": 17011210.0, "train/explained_variance": 1.7881393432617188e-07, "train/n_updates": 80, "train/clip_range": 0.2, "time/iterations": 9, "rollout/ep_rew_mean": -3106771.026111, "rollout/ep_len_mean": 8640.0, "time/fps": 453, "time/time_elapsed": 40, "time/total_timesteps": 18432}
{"train/learning_rate": 0.0003, "train/entropy_loss": -5.390581496059895, "train/policy_gradient_loss": -0.020151266326138284, "train/value_loss": 14482447.140625, "train/approx_kl": 0.014783995226025581, "train/clip_fraction": 0.085693359375, "train/loss": 7069361.0, "train/explained_variance": -1.1920928955078125e-07, "train/n_updates": 90, "train/clip_range": 0.2, "time/iterations": 10, "rollout/ep_rew_mean": -3106771.026111, "rollout/ep_len_mean": 8640.0, "time/fps": 452, "time/time_elapsed": 45, "time/total_timesteps": 20480}
{"train/learning_rate": 0.0003, "train/entropy_loss": -5.328067126870155, "train/policy_gradient_loss": -0.009215526826301357, "train/value_loss": 14606515.765625, "train/approx_kl": 0.007233174983412027, "train/clip_fraction": 0.03134765625, "train/loss": 8148667.5, "train/explained_variance": -3.5762786865234375e-07, "train/n_updates": 100, "train/clip_range": 0.2, "time/iterations": 11, "rollout/ep_rew_mean": -3106771.026111, "rollout/ep_len_mean": 8640.0, "time/fps": 451, "time/time_elapsed": 49, "time/total_timesteps": 22528}
{"train/learning_rate": 0.0003, "train/entropy_loss": -5.260686159133911, "train/policy_gradient_loss": -0.005416416865045903, "train/value_loss": 45747182.7, "train/approx_kl": 0.0027468844782561064, "train/clip_fraction": 0.000537109375, "train/loss": 23506732.0, "train/explained_variance": -1.1920928955078125e-07, "train/n_updates": 110, "train/clip_range": 0.2, "time/iterations": 12, "rollout/ep_rew_mean": -3106771.026111, "rollout/ep_len_mean": 8640.0, "time/fps": 450, "time/time_elapsed": 54, "time/total_timesteps": 24576}
{"train/learning_rate": 0.0003, "train/entropy_loss": -5.195673808455467, "train/policy_gradient_loss": -0.006701262797287199, "train/value_loss": 31391284.71875, "train/approx_kl": 0.004791007377207279, "train/clip_fraction": 0.00712890625, "train/loss": 16574035.0, "train/explained_variance": 0.0, "train/n_updates": 120, "train/clip_range": 0.2, "time/iterations": 13, "rollout/ep_rew_mean": -2871599.812638, "rollout/ep_len_mean": 8640.0, "time/fps": 449, "time/time_elapsed": 59, "time/total_timesteps": 26624}
{"train/learning_rate": 0.0003, "train/entropy_loss": -5.041253562271595, "train/policy_gradient_loss": -0.02486489124567015, "train/value_loss": 8961215.034375, "train/approx_kl": 0.01667005568742752, "train/clip_fraction": 0.108984375, "train/loss": 4419261.0, "train/explained_variance": 0.0, "train/n_updates": 130, "train/clip_range": 0.2, "time/iterations": 14, "rollout/ep_rew_mean": -2871599.812638, "rollout/ep_len_mean": 8640.0, "time/fps": 448, "time/time_elapsed": 63, "time/total_timesteps": 28672}
{"train/learning_rate": 0.0003, "train/entropy_loss": -4.900861494243145, "train/policy_gradient_loss": -0.02608299000057741, "train/value_loss": 6641090.190625, "train/approx_kl": 0.014912757091224194, "train/clip_fraction": 0.115625, "train/loss": 3056064.5, "train/explained_variance": -2.384185791015625e-07, "train/n_updates": 140, "train/clip_range": 0.2, "time/iterations": 15, "rollout/ep_rew_mean": -2871599.812638, "rollout/ep_len_mean": 8640.0, "time/fps": 448, "time/time_elapsed": 68, "time/total_timesteps": 30720}
{"train/learning_rate": 0.0003, "train/entropy_loss": -4.833298356831074, "train/policy_gradient_loss": -0.0042756366965477355, "train/value_loss": 26376466.00625, "train/approx_kl": 0.002175241243094206, "train/clip_fraction": 0.00126953125, "train/loss": 13469042.0, "train/explained_variance": -1.1920928955078125e-07, "train/n_updates": 150, "train/clip_range": 0.2, "time/iterations": 16, "rollout/ep_rew_mean": -2871599.812638, "rollout/ep_len_mean": 8640.0, "time/fps": 447, "time/time_elapsed": 73, "time/total_timesteps": 32768}
{"train/learning_rate": 0.0003, "train/entropy_loss": -4.797876952588558, "train/policy_gradient_loss": -0.0038143063953612, "train/value_loss": 27394452.0875, "train/approx_kl": 0.00234229420311749,