{"time/iterations": 1, "time/fps": 402, "time/time_elapsed": 5, "time/total_timesteps": 2048}
{"train/learning_rate": 0.0003, "train/entropy_loss": -3.86568765565753, "train/policy_gradient_loss": -0.019497669294651132, "train/value_loss": 14877017.00625, "train/approx_kl": 0.010125753469765186, "train/clip_fraction": 0.092626953125, "train/loss": 7135188.0, "train/explained_variance": 3.6716461181640625e-05, "train/n_updates": 10, "train/clip_range": 0.2, "time/iterations": 2, "time/fps": 332, "time/time_elapsed": 12, "time/total_timesteps": 4096}
{"train/learning_rate": 0.0003, "train/entropy_loss": -3.8555965915322306, "train/policy_gradient_loss": -0.006939546274952591, "train/value_loss": 27731654.1875, "train/approx_kl": 0.004922633990645409, "train/clip_fraction": 0.00751953125, "train/loss": 14052289.0, "train/explained_variance": -2.86102294921875e-06, "train/n_updates": 20, "train/clip_range": 0.2, "time/iterations": 3, "time/fps": 280, "time/time_elapsed": 21, "time/total_timesteps": 6144}
{"train/learning_rate": 0.0003, "train/entropy_loss": -3.8346122920513155, "train/policy_gradient_loss": -0.0106486893579131, "train/value_loss": 36882380.1875, "train/approx_kl": 0.006096275523304939, "train/clip_fraction": 0.01884765625, "train/loss": 19618704.0, "train/explained_variance": -7.152557373046875e-07, "train/n_updates": 30, "train/clip_range": 0.2, "time/iterations": 4, "time/fps": 283, "time/time_elapsed": 28, "time/total_timesteps": 8192}
{"train/learning_rate": 0.0003, "train/entropy_loss": -3.79456515237689, "train/policy_gradient_loss": -0.012349364804686047, "train/value_loss": 13807065.5375, "train/approx_kl": 0.009130485355854034, "train/clip_fraction": 0.0697265625, "train/loss": 6564070.5, "train/explained_variance": -3.0994415283203125e-06, "train/n_updates": 40, "train/clip_range": 0.2, "time/iterations": 5, "rollout/ep_rew_mean": -2328167.97936, "rollout/ep_len_mean": 8640.0, "time/fps": 283, "time/time_elapsed": 36, "time/total_timesteps": 10240}
{"train/learning_rate": 0.0003, "train/entropy_loss": -3.7202140137553217, "train/policy_gradient_loss": -0.025952078610134776, "train/value_loss": 7828693.28125, "train/approx_kl": 0.01490197516977787, "train/clip_fraction": 0.168896484375, "train/loss": 3946334.5, "train/explained_variance": -2.5033950805664062e-06, "train/n_updates": 50, "train/clip_range": 0.2, "time/iterations": 6, "rollout/ep_rew_mean": -2328167.97936, "rollout/ep_len_mean": 8640.0, "time/fps": 285, "time/time_elapsed": 43, "time/total_timesteps": 12288}
{"train/learning_rate": 0.0003, "train/entropy_loss": -3.658771675825119, "train/policy_gradient_loss": -0.011187370953848585, "train/value_loss": 11627501.6375, "train/approx_kl": 0.009575426578521729, "train/clip_fraction": 0.046875, "train/loss": 5275017.5, "train/explained_variance": -1.3113021850585938e-06, "train/n_updates": 60, "train/clip_range": 0.2, "time/iterations": 7, "rollout/ep_rew_mean": -2328167.97936, "rollout/ep_len_mean": 8640.0, "time/fps": 281, "time/time_elapsed": 51, "time/total_timesteps": 14336}
{"train/learning_rate": 0.0003, "train/entropy_loss": -3.5832795083522795, "train/policy_gradient_loss": -0.011624998625484296, "train/value_loss": 18276175.38125, "train/approx_kl": 0.007724302355200052, "train/clip_fraction": 0.0345703125, "train/loss": 8377154.0, "train/explained_variance": -2.384185791015625e-07, "train/n_updates": 70, "train/clip_range": 0.2, "time/iterations": 8, "rollout/ep_rew_mean": -2328167.97936, "rollout/ep_len_mean": 8640.0, "time/fps": 273, "time/time_elapsed": 59, "time/total_timesteps": 16384}
{"train/learning_rate": 0.0003, "train/entropy_loss": -3.477191600203514, "train/policy_gradient_loss": -0.012106852589931804, "train/value_loss": 8911147.346875, "train/approx_kl": 0.009964785538613796, "train/clip_fraction": 0.06162109375, "train/loss": 4422282.5, "train/explained_variance": -2.384185791015625e-07, "train/n_updates": 80, "train/clip_range": 0.2, "time/iterations": 9, "rollout/ep_rew_mean": -1972799.9568780002, "rollout/ep_len_mean": 8640.0, "time/fps": 270, "time/time_elapsed": 68, "time/total_timesteps": 18432}
{"train/learning_rate": 0.0003, "train/entropy_loss": -3.289623536169529, "train/policy_gradient_loss": -0.03144803898903774, "train/value_loss": 3861374.76171875, "train/approx_kl": 0.023289095610380173, "train/clip_fraction": 0.190185546875, "train/loss": 1917513.25, "train/explained_variance": -2.384185791015625e-07, "train/n_updates": 90, "train/clip_range": 0.2, "time/iterations": 10, "rollout/ep_rew_mean": -1972799.9568780002, "rollout/ep_len_mean": 8640.0, "time/fps": 265, "time/time_elapsed": 77, "time/total_timesteps": 20480}
{"train/learning_rate": 0.0003, "train/entropy_loss": -3.1279678218066693, "train/policy_gradient_loss": -0.029473732277983798, "train/value_loss": 2914151.67734375, "train/approx_kl": 0.020406261086463928, "train/clip_fraction": 0.177001953125, "train/loss": 1417923.75, "train/explained_variance": -5.960464477539062e-07, "train/n_updates": 100, "train/clip_range": 0.2, "time/iterations": 11, "rollout/ep_rew_mean": -1972799.9568780002, "rollout/ep_len_mean": 8640.0, "time/fps": 267, "time/time_elapsed": 84, "time/total_timesteps": 22528}
{"train/learning_rate": 0.0003, "train/entropy_loss": -2.9973379381000997, "train/policy_gradient_loss": -0.01613404911913676, "train/value_loss": 5787299.584375, "train/approx_kl": 0.012522915378212929, "train/clip_fraction": 0.06162109375, "train/loss": 2570108.75, "train/explained_variance": -4.76837158203125e-07, "train/n_updates": 110, "train/clip_range": 0.2, "time/iterations": 12, "rollout/ep_rew_mean": -1972799.9568780002, "rollout/ep_len_mean": 8640.0, "time/fps": 269, "time/time_elapsed": 91, "time/total_timesteps": 24576}
{"train/learning_rate": 0.0003, "train/entropy_loss": -2.8585717186331747, "train/policy_gradient_loss": -0.01024444554350339, "train/value_loss": 3388615.075, "train/approx_kl": 0.00774301728233695, "train/clip_fraction": 0.0439453125, "train/loss": 1640460.875, "train/explained_variance": -2.384185791015625e-07, "train/n_updates": 120, "train/clip_range": 0.2, "time/iterations": 13, "rollout/ep_rew_mean": -1611344.6087033337, "rollout/ep_len_mean": 8640.0, "time/fps": 271, "time/time_elapsed": 98, "time/total_timesteps": 26624}
{"train/learning_rate": 0.0003, "train/entropy_loss": -2.6582023411989213, "train/policy_gradient_loss": -0.024574840420973486, "train/value_loss": 689026.40703125, "train/approx_kl": 0.016767136752605438, "train/clip_fraction": 0.1193359375, "train/loss": 303580.90625, "train/explained_variance": -1.1920928955078125e-07, "train/n_updates": 130, "train/clip_range": 0.2, "time/iterations": 14, "rollout/ep_rew_mean": -1611344.6087033337, "rollout/ep_len_mean": 8640.0, "time/fps": 272, "time/time_elapsed": 105, "time/total_timesteps": 28672}
{"train/learning_rate": 0.0003, "train/entropy_loss": -2.5058445021510125, "train/policy_gradient_loss": -0.020403066708240658, "train/value_loss": 453845.96826171875, "train/approx_kl": 0.01417413167655468, "train/clip_fraction": 0.109521484375, "train/loss": 268597.65625, "train/explained_variance": -1.1920928955078125e-07, "train/n_updates": 140, "train/clip_range": 0.2, "time/iterations": 15, "rollout/ep_rew_mean": -1611344.6087033337, "rollout/ep_len_mean": 8640.0, "time/fps": 274, "time/time_elapsed": 111, "time/total_timesteps": 30720}
{"train/learning_rate": 0.0003, "train/entropy_loss": -2.4642216585576535, "train/policy_gradient_loss": -0.011018527472333516, "train/value_loss": 1610298.484765625, "train/approx_kl": 0.009126219898462296, "train/clip_fraction": 0.048046875, "train/loss": 769361.4375, "train/explained_variance": -2.384185791015625e-07, "train/n_updates": 150, "train/clip_range": 0.2, "time/iterations": 16, "rollout/ep_rew_mean": -1611344.6087033337, "rollout/ep_len_mean": 8640.0, "time/fps": 275, "time/time_elapsed": 118, "time/total_timesteps": 32768}
{"train/learning_rate": 0.0003,