{"time/iterations": 1, "time/fps": 508, "time/time_elapsed": 4, "time/total_timesteps": 2048}
{"train/learning_rate": 0.0003, "train/entropy_loss": -7.451010075211525, "train/policy_gradient_loss": -0.01525587762298528, "train/value_loss": 44819962.45, "train/approx_kl": 0.007685856893658638, "train/clip_fraction": 0.03525390625, "train/loss": 21841448.0, "train/explained_variance": -0.00016999244689941406, "train/n_updates": 10, "train/clip_range": 0.2, "time/iterations": 2, "time/fps": 427, "time/time_elapsed": 9, "time/total_timesteps": 4096}
{"train/learning_rate": 0.0003, "train/entropy_loss": -7.44437454789877, "train/policy_gradient_loss": -0.005382120778085664, "train/value_loss": 71759933.2625, "train/approx_kl": 0.0022957748733460903, "train/clip_fraction": 4.8828125e-05, "train/loss": 32297560.0, "train/explained_variance": -6.008148193359375e-05, "train/n_updates": 20, "train/clip_range": 0.2, "time/iterations": 3, "time/fps": 404, "time/time_elapsed": 15, "time/total_timesteps": 6144}
{"train/learning_rate": 0.0003, "train/entropy_loss": -7.435415637493134, "train/policy_gradient_loss": -0.004295702613308095, "train/value_loss": 111562602.65, "train/approx_kl": 0.001303654396906495, "train/clip_fraction": 0.0, "train/loss": 54028312.0, "train/explained_variance": -4.172325134277344e-06, "train/n_updates": 30, "train/clip_range": 0.2, "time/iterations": 4, "time/fps": 394, "time/time_elapsed": 20, "time/total_timesteps": 8192}
{"train/learning_rate": 0.0003, "train/entropy_loss": -7.422934858500957, "train/policy_gradient_loss": -0.004798260741517879, "train/value_loss": 47713097.6375, "train/approx_kl": 0.002624437678605318, "train/clip_fraction": 0.000244140625, "train/loss": 23432894.0, "train/explained_variance": -9.5367431640625e-07, "train/n_updates": 40, "train/clip_range": 0.2, "time/iterations": 5, "rollout/ep_rew_mean": -4098815.333268, "rollout/ep_len_mean": 8640.0, "time/fps": 388, "time/time_elapsed": 26, "time/total_timesteps": 10240}
{"train/learning_rate": 0.0003, "train/entropy_loss": -7.3908086061477665, "train/policy_gradient_loss": -0.012898982629121748, "train/value_loss": 38484688.15, "train/approx_kl": 0.007653551176190376, "train/clip_fraction": 0.02939453125, "train/loss": 19562040.0, "train/explained_variance": -1.430511474609375e-06, "train/n_updates": 50, "train/clip_range": 0.2, "time/iterations": 6, "rollout/ep_rew_mean": -4098815.333268, "rollout/ep_len_mean": 8640.0, "time/fps": 385, "time/time_elapsed": 31, "time/total_timesteps": 12288}
{"train/learning_rate": 0.0003, "train/entropy_loss": -7.362655606865883, "train/policy_gradient_loss": -0.006253790167102124, "train/value_loss": 50084987.25, "train/approx_kl": 0.0032955114729702473, "train/clip_fraction": 0.000439453125, "train/loss": 25934214.0, "train/explained_variance": -8.344650268554688e-07, "train/n_updates": 60, "train/clip_range": 0.2, "time/iterations": 7, "rollout/ep_rew_mean": -4098815.333268, "rollout/ep_len_mean": 8640.0, "time/fps": 382, "time/time_elapsed": 37, "time/total_timesteps": 14336}
{"train/learning_rate": 0.0003, "train/entropy_loss": -7.3288599625229836, "train/policy_gradient_loss": -0.005926970501604956, "train/value_loss": 89586986.175, "train/approx_kl": 0.002798020839691162, "train/clip_fraction": 0.000390625, "train/loss": 43440108.0, "train/explained_variance": -7.152557373046875e-07, "train/n_updates": 70, "train/clip_range": 0.2, "time/iterations": 8, "rollout/ep_rew_mean": -4098815.333268, "rollout/ep_len_mean": 8640.0, "time/fps": 379, "time/time_elapsed": 43, "time/total_timesteps": 16384}
{"train/learning_rate": 0.0003, "train/entropy_loss": -7.295654276013375, "train/policy_gradient_loss": -0.003937485372443916, "train/value_loss": 49664266.475, "train/approx_kl": 0.0021483839955180883, "train/clip_fraction": 4.8828125e-05, "train/loss": 26365954.0, "train/explained_variance": -2.384185791015625e-07, "train/n_updates": 80, "train/clip_range": 0.2, "time/iterations": 9, "rollout/ep_rew_mean": -3886156.078366, "rollout/ep_len_mean": 8640.0, "time/fps": 378, "time/time_elapsed": 48, "time/total_timesteps": 18432}
{"train/learning_rate": 0.0003, "train/entropy_loss": -7.218363465368748, "train/policy_gradient_loss": -0.01921045173658058, "train/value_loss": 27360499.11875, "train/approx_kl": 0.010762747377157211, "train/clip_fraction": 0.075, "train/loss": 12921758.0, "train/explained_variance": -2.384185791015625e-07, "train/n_updates": 90, "train/clip_range": 0.2, "time/iterations": 10, "rollout/ep_rew_mean": -3886156.078366, "rollout/ep_len_mean": 8640.0, "time/fps": 377, "time/time_elapsed": 54, "time/total_timesteps": 20480}
{"train/learning_rate": 0.0003, "train/entropy_loss": -7.171851594746113, "train/policy_gradient_loss": -0.005862502448144369, "train/value_loss": 27140130.4875, "train/approx_kl": 0.004361937753856182, "train/clip_fraction": 0.002490234375, "train/loss": 13714235.0, "train/explained_variance": -2.384185791015625e-07, "train/n_updates": 100, "train/clip_range": 0.2, "time/iterations": 11, "rollout/ep_rew_mean": -3886156.078366, "rollout/ep_len_mean": 8640.0, "time/fps": 376, "time/time_elapsed": 59, "time/total_timesteps": 22528}
{"train/learning_rate": 0.0003, "train/entropy_loss": -7.1384177342057225, "train/policy_gradient_loss": -0.006765230947348755, "train/value_loss": 73457766.325, "train/approx_kl": 0.0029585901647806168, "train/clip_fraction": 0.000537109375, "train/loss": 35304980.0, "train/explained_variance": -5.960464477539062e-07, "train/n_updates": 110, "train/clip_range": 0.2, "time/iterations": 12, "rollout/ep_rew_mean": -3886156.078366, "rollout/ep_len_mean": 8640.0, "time/fps": 375, "time/time_elapsed": 65, "time/total_timesteps": 24576}
{"train/learning_rate": 0.0003, "train/entropy_loss": -7.085722376406193, "train/policy_gradient_loss": -0.005200208116730209, "train/value_loss": 53833798.3375, "train/approx_kl": 0.00293660257011652, "train/clip_fraction": 0.00068359375, "train/loss": 25334814.0, "train/explained_variance": 0.0, "train/n_updates": 120, "train/clip_range": 0.2, "time/iterations": 13, "rollout/ep_rew_mean": -3668781.7978003337, "rollout/ep_len_mean": 8640.0, "time/fps": 375, "time/time_elapsed": 70, "time/total_timesteps": 26624}
{"train/learning_rate": 0.0003, "train/entropy_loss": -6.952854809165001, "train/policy_gradient_loss": -0.02080517494250671, "train/value_loss": 20555029.1875, "train/approx_kl": 0.013254821300506592, "train/clip_fraction": 0.074267578125, "train/loss": 10344066.0, "train/explained_variance": -2.384185791015625e-07, "train/n_updates": 130, "train/clip_range": 0.2, "time/iterations": 14, "rollout/ep_rew_mean": -3668781.7978003337, "rollout/ep_len_mean": 8640.0, "time/fps": 374, "time/time_elapsed": 76, "time/total_timesteps": 28672}
{"train/learning_rate": 0.0003, "train/entropy_loss": -6.831802424788475, "train/policy_gradient_loss": -0.023480767327419015, "train/value_loss": 16989327.83125, "train/approx_kl": 0.01400826871395111, "train/clip_fraction": 0.101318359375, "train/loss": 8208208.5, "train/explained_variance": -7.152557373046875e-07, "train/n_updates": 140, "train/clip_range": 0.2, "time/iterations": 15, "rollout/ep_rew_mean": -3668781.7978003337, "rollout/ep_len_mean": 8640.0, "time/fps": 374, "time/time_elapsed": 82, "time/total_timesteps": 30720}
{"train/learning_rate": 0.0003, "train/entropy_loss": -6.75122371762991, "train/policy_gradient_loss": -0.008691588463261724, "train/value_loss": 48087711.075, "train/approx_kl": 0.004773102700710297, "train/clip_fraction": 0.004638671875, "train/loss": 26192598.0, "train/explained_variance": -2.384185791015625e-07, "train/n_updates": 150, "train/clip_range": 0.2, "time/iterations": 16, "rollout/ep_rew_mean": -3668781.7978003337, "rollout/ep_len_mean": 8640.0, "time/fps": 374, "time/time_elapsed": 87, "time/total_timesteps": 32768}
{"train/learning_rate": 0.0003, "train/entropy_loss": -6.673549906909466, "train/policy_gradient_loss": -0.004776237744954415,