{"time/iterations": 1, "time/fps": 758, "time/time_elapsed": 2, "time/total_timesteps": 2048}
{"train/learning_rate": 0.0003, "train/entropy_loss": -3.865860511362553, "train/policy_gradient_loss": -0.018543498263170477, "train/value_loss": 23838424.675, "train/approx_kl": 0.010222874581813812, "train/clip_fraction": 0.06982421875, "train/loss": 12032843.0, "train/explained_variance": -0.00016963481903076172, "train/n_updates": 10, "train/clip_range": 0.2, "time/iterations": 2, "time/fps": 620, "time/time_elapsed": 6, "time/total_timesteps": 4096}
{"train/learning_rate": 0.0003, "train/entropy_loss": -3.8568332232534885, "train/policy_gradient_loss": -0.004123448499012738, "train/value_loss": 50817782.55, "train/approx_kl": 0.002594015561044216, "train/clip_fraction": 0.0, "train/loss": 26469234.0, "train/explained_variance": -1.4662742614746094e-05, "train/n_updates": 20, "train/clip_range": 0.2, "time/iterations": 3, "time/fps": 589, "time/time_elapsed": 10, "time/total_timesteps": 6144}
{"train/learning_rate": 0.0003, "train/entropy_loss": -3.847397603094578, "train/policy_gradient_loss": -0.0034203739582153504, "train/value_loss": 83051554.15, "train/approx_kl": 0.0013797413557767868, "train/clip_fraction": 0.0, "train/loss": 44493248.0, "train/explained_variance": 2.6226043701171875e-06, "train/n_updates": 30, "train/clip_range": 0.2, "time/iterations": 4, "time/fps": 572, "time/time_elapsed": 14, "time/total_timesteps": 8192}
{"train/learning_rate": 0.0003, "train/entropy_loss": -3.8353293366730212, "train/policy_gradient_loss": -0.004871066978375893, "train/value_loss": 26287648.525, "train/approx_kl": 0.0034595916513353586, "train/clip_fraction": 0.00068359375, "train/loss": 12764227.0, "train/explained_variance": 1.0728836059570312e-06, "train/n_updates": 40, "train/clip_range": 0.2, "time/iterations": 5, "rollout/ep_rew_mean": -3244287.251465, "rollout/ep_len_mean": 8640.0, "time/fps": 563, "time/time_elapsed": 18, "time/total_timesteps": 10240}
{"train/learning_rate": 0.0003, "train/entropy_loss": -3.7942938297986983, "train/policy_gradient_loss": -0.016513959639996755, "train/value_loss": 18759613.50625, "train/approx_kl": 0.00907295010983944, "train/clip_fraction": 0.087548828125, "train/loss": 9631310.0, "train/explained_variance": -8.344650268554688e-07, "train/n_updates": 50, "train/clip_range": 0.2, "time/iterations": 6, "rollout/ep_rew_mean": -3244287.251465, "rollout/ep_len_mean": 8640.0, "time/fps": 558, "time/time_elapsed": 22, "time/total_timesteps": 12288}
{"train/learning_rate": 0.0003, "train/entropy_loss": -3.7677604854106903, "train/policy_gradient_loss": -0.004316980679504923, "train/value_loss": 29204068.26875, "train/approx_kl": 0.0033548963256180286, "train/clip_fraction": 0.000634765625, "train/loss": 15860236.0, "train/explained_variance": -9.5367431640625e-07, "train/n_updates": 60, "train/clip_range": 0.2, "time/iterations": 7, "rollout/ep_rew_mean": -3244287.251465, "rollout/ep_len_mean": 8640.0, "time/fps": 554, "time/time_elapsed": 25, "time/total_timesteps": 14336}
{"train/learning_rate": 0.0003, "train/entropy_loss": -3.7293855749070643, "train/policy_gradient_loss": -0.008538633205171208, "train/value_loss": 59260030.5875, "train/approx_kl": 0.005087816156446934, "train/clip_fraction": 0.005419921875, "train/loss": 33888384.0, "train/explained_variance": -2.384185791015625e-07, "train/n_updates": 70, "train/clip_range": 0.2, "time/iterations": 8, "rollout/ep_rew_mean": -3244287.251465, "rollout/ep_len_mean": 8640.0, "time/fps": 552, "time/time_elapsed": 29, "time/total_timesteps": 16384}
{"train/learning_rate": 0.0003, "train/entropy_loss": -3.6890025846660137, "train/policy_gradient_loss": -0.0029911491088569163, "train/value_loss": 30429842.2125, "train/approx_kl": 0.0023303874768316746, "train/clip_fraction": 9.765625e-05, "train/loss": 14052402.0, "train/explained_variance": 0.0, "train/n_updates": 80, "train/clip_range": 0.2, "time/iterations": 9, "rollout/ep_rew_mean": -3008378.3884920003, "rollout/ep_len_mean": 8640.0, "time/fps": 550, "time/time_elapsed": 33, "time/total_timesteps": 18432}
{"train/learning_rate": 0.0003, "train/entropy_loss": -3.58954586237669, "train/policy_gradient_loss": -0.021310132209328002, "train/value_loss": 12829015.55, "train/approx_kl": 0.012346603907644749, "train/clip_fraction": 0.11640625, "train/loss": 6241531.0, "train/explained_variance": -2.384185791015625e-07, "train/n_updates": 90, "train/clip_range": 0.2, "time/iterations": 10, "rollout/ep_rew_mean": -3008378.3884920003, "rollout/ep_len_mean": 8640.0, "time/fps": 548, "time/time_elapsed": 37, "time/total_timesteps": 20480}
{"train/learning_rate": 0.0003, "train/entropy_loss": -3.503168424218893, "train/policy_gradient_loss": -0.011366470818029484, "train/value_loss": 12979129.278125, "train/approx_kl": 0.00932090263813734, "train/clip_fraction": 0.048193359375, "train/loss": 6353987.5, "train/explained_variance": -2.384185791015625e-07, "train/n_updates": 100, "train/clip_range": 0.2, "time/iterations": 11, "rollout/ep_rew_mean": -3008378.3884920003, "rollout/ep_len_mean": 8640.0, "time/fps": 547, "time/time_elapsed": 41, "time/total_timesteps": 22528}
{"train/learning_rate": 0.0003, "train/entropy_loss": -3.418009280413389, "train/policy_gradient_loss": -0.011226968088885769, "train/value_loss": 40132182.1, "train/approx_kl": 0.006122203078120947, "train/clip_fraction": 0.014111328125, "train/loss": 20287432.0, "train/explained_variance": -2.384185791015625e-07, "train/n_updates": 110, "train/clip_range": 0.2, "time/iterations": 12, "rollout/ep_rew_mean": -3008378.3884920003, "rollout/ep_len_mean": 8640.0, "time/fps": 546, "time/time_elapsed": 45, "time/total_timesteps": 24576}
{"train/learning_rate": 0.0003, "train/entropy_loss": -3.3474066384136676, "train/policy_gradient_loss": -0.00450936105044093, "train/value_loss": 25154489.1875, "train/approx_kl": 0.003098796121776104, "train/clip_fraction": 0.00205078125, "train/loss": 14806015.0, "train/explained_variance": -1.1920928955078125e-07, "train/n_updates": 120, "train/clip_range": 0.2, "time/iterations": 13, "rollout/ep_rew_mean": -2749904.055982333, "rollout/ep_len_mean": 8640.0, "time/fps": 544, "time/time_elapsed": 48, "time/total_timesteps": 26624}
{"train/learning_rate": 0.0003, "train/entropy_loss": -3.1908946722745894, "train/policy_gradient_loss": -0.024841363116865977, "train/value_loss": 8002856.2453125, "train/approx_kl": 0.01775224134325981, "train/clip_fraction": 0.11552734375, "train/loss": 4127283.5, "train/explained_variance": 0.0, "train/n_updates": 130, "train/clip_range": 0.2, "time/iterations": 14, "rollout/ep_rew_mean": -2749904.055982333, "rollout/ep_len_mean": 8640.0, "time/fps": 544, "time/time_elapsed": 52, "time/total_timesteps": 28672}
{"train/learning_rate": 0.0003, "train/entropy_loss": -3.0146903842687607, "train/policy_gradient_loss": -0.024454556648561266, "train/value_loss": 5219307.88125, "train/approx_kl": 0.016436921432614326, "train/clip_fraction": 0.103857421875, "train/loss": 2793014.25, "train/explained_variance": -2.384185791015625e-07, "train/n_updates": 140, "train/clip_range": 0.2, "time/iterations": 15, "rollout/ep_rew_mean": -2749904.055982333, "rollout/ep_len_mean": 8640.0, "time/fps": 543, "time/time_elapsed": 56, "time/total_timesteps": 30720}
{"train/learning_rate": 0.0003, "train/entropy_loss": -2.9317476861178875, "train/policy_gradient_loss": -0.00394362409497262, "train/value_loss": 21479328.675, "train/approx_kl": 0.0021938711870461702, "train/clip_fraction": 0.00205078125, "train/loss": 9831936.0, "train/explained_variance": -1.1920928955078125e-07, "train/n_updates": 150, "train/clip_range": 0.2, "time/iterations": 16, "rollout/ep_rew_mean": -2749904.055982333, "rollout/ep_len_mean": 8640.0, "time/fps": 542, "time/time_elapsed": 60, "time/total_timesteps": 32768}
{"train/learning_rate": 0.0003, "train/entropy_loss": -2.855035978555679, "train/policy_gradient_loss": -0.004323461023159325,